state,city,keyword,intent,urlSlug,title,h1,primaryCta
Uttar Pradesh,Lucknow,Best web agency in Lucknow,best-web-agency,best-web-agency-in-lucknow-uttar-pradesh,"Best Web Agency in Lucknow, Uttar Pradesh | Torpedo Web India",Best Web Agency in Lucknow,Book a Lucknow Growth Call
Uttar Pradesh,Lucknow,Best web development company in Lucknow,best-web-development-company,best-web-development-company-in-lucknow-uttar-pradesh,"Best Web Development Company in Lucknow, Uttar Pradesh | Torpedo Web India",Best Web Development Company in Lucknow,Book a Lucknow Growth Call
Uttar Pradesh,Lucknow,Best web developer in Lucknow,best-web-developer,best-web-developer-in-lucknow-uttar-pradesh,"Best Web Developer in Lucknow, Uttar Pradesh | Torpedo Web India",Best Web Developers in Lucknow,Book a Lucknow Growth Call
Uttar Pradesh,Lucknow,Best web design company in Lucknow,best-web-design-company,best-web-design-company-in-lucknow-uttar-pradesh,"Best Web Design Company in Lucknow, Uttar Pradesh | Torpedo Web India",Best Web Design Company in Lucknow,Book a Lucknow Growth Call
Uttar Pradesh,Lucknow,Best SEO company in Lucknow,best-seo-company,best-seo-company-in-lucknow-uttar-pradesh,"Best SEO Company in Lucknow, Uttar Pradesh | Torpedo Web India",Best SEO Company in Lucknow,Book a Lucknow Growth Call
Uttar Pradesh,Lucknow,Best SEO agency in Lucknow,best-seo-agency,best-seo-agency-in-lucknow-uttar-pradesh,"Best SEO Agency in Lucknow, Uttar Pradesh | Torpedo Web India",Best SEO Agency in Lucknow,Book a Lucknow Growth Call
Uttar Pradesh,Lucknow,Best digital marketing agency in Lucknow,best-digital-marketing-agency,best-digital-marketing-agency-in-lucknow-uttar-pradesh,"Best Digital Marketing Agency in Lucknow, Uttar Pradesh | Torpedo Web India",Best Digital Marketing Agency in Lucknow,Book a Lucknow Growth Call
Uttar Pradesh,Lucknow,Best Google Ads agency in Lucknow,best-google-ads-agency,best-google-ads-agency-in-lucknow-uttar-pradesh,"Best Google Ads Agency in Lucknow, Uttar Pradesh | Torpedo Web India",Best Google Ads Agency in Lucknow,Book a Lucknow Growth Call
Uttar Pradesh,Lucknow,Best Meta Ads agency in Lucknow,best-meta-ads-agency,best-meta-ads-agency-in-lucknow-uttar-pradesh,"Best Meta Ads Agency in Lucknow, Uttar Pradesh | Torpedo Web India",Best Meta Ads Agency in Lucknow,Book a Lucknow Growth Call
Uttar Pradesh,Lucknow,Best UI UX agency in Lucknow,best-ui-ux-agency,best-ui-ux-agency-in-lucknow-uttar-pradesh,"Best UI UX Agency in Lucknow, Uttar Pradesh | Torpedo Web India",Best UI UX Agency in Lucknow,Book a Lucknow Growth Call
Uttar Pradesh,Lucknow,Best software company in Lucknow,best-software-company,best-software-company-in-lucknow-uttar-pradesh,"Best Software Company in Lucknow, Uttar Pradesh | Torpedo Web India",Best Software Company in Lucknow,Book a Lucknow Growth Call
Uttar Pradesh,Kanpur,Best web agency in Kanpur,best-web-agency,best-web-agency-in-kanpur-uttar-pradesh,"Best Web Agency in Kanpur, Uttar Pradesh | Torpedo Web India",Best Web Agency in Kanpur,Book a Kanpur Growth Call
Uttar Pradesh,Kanpur,Best web development company in Kanpur,best-web-development-company,best-web-development-company-in-kanpur-uttar-pradesh,"Best Web Development Company in Kanpur, Uttar Pradesh | Torpedo Web India",Best Web Development Company in Kanpur,Book a Kanpur Growth Call
Uttar Pradesh,Kanpur,Best web developer in Kanpur,best-web-developer,best-web-developer-in-kanpur-uttar-pradesh,"Best Web Developer in Kanpur, Uttar Pradesh | Torpedo Web India",Best Web Developers in Kanpur,Book a Kanpur Growth Call
Uttar Pradesh,Kanpur,Best web design company in Kanpur,best-web-design-company,best-web-design-company-in-kanpur-uttar-pradesh,"Best Web Design Company in Kanpur, Uttar Pradesh | Torpedo Web India",Best Web Design Company in Kanpur,Book a Kanpur Growth Call
Uttar Pradesh,Kanpur,Best SEO company in Kanpur,best-seo-company,best-seo-company-in-kanpur-uttar-pradesh,"Best SEO Company in Kanpur, Uttar Pradesh | Torpedo Web India",Best SEO Company in Kanpur,Book a Kanpur Growth Call
Uttar Pradesh,Kanpur,Best SEO agency in Kanpur,best-seo-agency,best-seo-agency-in-kanpur-uttar-pradesh,"Best SEO Agency in Kanpur, Uttar Pradesh | Torpedo Web India",Best SEO Agency in Kanpur,Book a Kanpur Growth Call
Uttar Pradesh,Kanpur,Best digital marketing agency in Kanpur,best-digital-marketing-agency,best-digital-marketing-agency-in-kanpur-uttar-pradesh,"Best Digital Marketing Agency in Kanpur, Uttar Pradesh | Torpedo Web India",Best Digital Marketing Agency in Kanpur,Book a Kanpur Growth Call
Uttar Pradesh,Kanpur,Best Google Ads agency in Kanpur,best-google-ads-agency,best-google-ads-agency-in-kanpur-uttar-pradesh,"Best Google Ads Agency in Kanpur, Uttar Pradesh | Torpedo Web India",Best Google Ads Agency in Kanpur,Book a Kanpur Growth Call
Uttar Pradesh,Kanpur,Best Meta Ads agency in Kanpur,best-meta-ads-agency,best-meta-ads-agency-in-kanpur-uttar-pradesh,"Best Meta Ads Agency in Kanpur, Uttar Pradesh | Torpedo Web India",Best Meta Ads Agency in Kanpur,Book a Kanpur Growth Call
Uttar Pradesh,Kanpur,Best UI UX agency in Kanpur,best-ui-ux-agency,best-ui-ux-agency-in-kanpur-uttar-pradesh,"Best UI UX Agency in Kanpur, Uttar Pradesh | Torpedo Web India",Best UI UX Agency in Kanpur,Book a Kanpur Growth Call
Uttar Pradesh,Kanpur,Best software company in Kanpur,best-software-company,best-software-company-in-kanpur-uttar-pradesh,"Best Software Company in Kanpur, Uttar Pradesh | Torpedo Web India",Best Software Company in Kanpur,Book a Kanpur Growth Call
Uttar Pradesh,Varanasi,Best web agency in Varanasi,best-web-agency,best-web-agency-in-varanasi-uttar-pradesh,"Best Web Agency in Varanasi, Uttar Pradesh | Torpedo Web India",Best Web Agency in Varanasi,Plan Varanasi SEO + Web Stack
Uttar Pradesh,Varanasi,Best web development company in Varanasi,best-web-development-company,best-web-development-company-in-varanasi-uttar-pradesh,"Best Web Development Company in Varanasi, Uttar Pradesh | Torpedo Web India",Best Web Development Company in Varanasi,Plan Varanasi SEO + Web Stack
Uttar Pradesh,Varanasi,Best web developer in Varanasi,best-web-developer,best-web-developer-in-varanasi-uttar-pradesh,"Best Web Developer in Varanasi, Uttar Pradesh | Torpedo Web India",Best Web Developers in Varanasi,Plan Varanasi SEO + Web Stack
Uttar Pradesh,Varanasi,Best web design company in Varanasi,best-web-design-company,best-web-design-company-in-varanasi-uttar-pradesh,"Best Web Design Company in Varanasi, Uttar Pradesh | Torpedo Web India",Best Web Design Company in Varanasi,Plan Varanasi SEO + Web Stack
Uttar Pradesh,Varanasi,Best SEO company in Varanasi,best-seo-company,best-seo-company-in-varanasi-uttar-pradesh,"Best SEO Company in Varanasi, Uttar Pradesh | Torpedo Web India",Best SEO Company in Varanasi,Plan Varanasi SEO + Web Stack
Uttar Pradesh,Varanasi,Best SEO agency in Varanasi,best-seo-agency,best-seo-agency-in-varanasi-uttar-pradesh,"Best SEO Agency in Varanasi, Uttar Pradesh | Torpedo Web India",Best SEO Agency in Varanasi,Plan Varanasi SEO + Web Stack
Uttar Pradesh,Varanasi,Best digital marketing agency in Varanasi,best-digital-marketing-agency,best-digital-marketing-agency-in-varanasi-uttar-pradesh,"Best Digital Marketing Agency in Varanasi, Uttar Pradesh | Torpedo Web India",Best Digital Marketing Agency in Varanasi,Plan Varanasi SEO + Web Stack
Uttar Pradesh,Varanasi,Best Google Ads agency in Varanasi,best-google-ads-agency,best-google-ads-agency-in-varanasi-uttar-pradesh,"Best Google Ads Agency in Varanasi, Uttar Pradesh | Torpedo Web India",Best Google Ads Agency in Varanasi,Plan Varanasi SEO + Web Stack
Uttar Pradesh,Varanasi,Best Meta Ads agency in Varanasi,best-meta-ads-agency,best-meta-ads-agency-in-varanasi-uttar-pradesh,"Best Meta Ads Agency in Varanasi, Uttar Pradesh | Torpedo Web India",Best Meta Ads Agency in Varanasi,Plan Varanasi SEO + Web Stack
Uttar Pradesh,Varanasi,Best UI UX agency in Varanasi,best-ui-ux-agency,best-ui-ux-agency-in-varanasi-uttar-pradesh,"Best UI UX Agency in Varanasi, Uttar Pradesh | Torpedo Web India",Best UI UX Agency in Varanasi,Plan Varanasi SEO + Web Stack
Uttar Pradesh,Varanasi,Best software company in Varanasi,best-software-company,best-software-company-in-varanasi-uttar-pradesh,"Best Software Company in Varanasi, Uttar Pradesh | Torpedo Web India",Best Software Company in Varanasi,Plan Varanasi SEO + Web Stack
Uttar Pradesh,Noida,Best web agency in Noida,best-web-agency,best-web-agency-in-noida-uttar-pradesh,"Best Web Agency in Noida, Uttar Pradesh | Torpedo Web India",Best Web Agency in Noida,Book a Noida Revenue Session
Uttar Pradesh,Noida,Best web development company in Noida,best-web-development-company,best-web-development-company-in-noida-uttar-pradesh,"Best Web Development Company in Noida, Uttar Pradesh | Torpedo Web India",Best Web Development Company in Noida,Book a Noida Revenue Session
Uttar Pradesh,Noida,Best web developer in Noida,best-web-developer,best-web-developer-in-noida-uttar-pradesh,"Best Web Developer in Noida, Uttar Pradesh | Torpedo Web India",Best Web Developers in Noida,Book a Noida Revenue Session
Uttar Pradesh,Noida,Best web design company in Noida,best-web-design-company,best-web-design-company-in-noida-uttar-pradesh,"Best Web Design Company in Noida, Uttar Pradesh | Torpedo Web India",Best Web Design Company in Noida,Book a Noida Revenue Session
Uttar Pradesh,Noida,Best SEO company in Noida,best-seo-company,best-seo-company-in-noida-uttar-pradesh,"Best SEO Company in Noida, Uttar Pradesh | Torpedo Web India",Best SEO Company in Noida,Book a Noida Revenue Session
Uttar Pradesh,Noida,Best SEO agency in Noida,best-seo-agency,best-seo-agency-in-noida-uttar-pradesh,"Best SEO Agency in Noida, Uttar Pradesh | Torpedo Web India",Best SEO Agency in Noida,Book a Noida Revenue Session
Uttar Pradesh,Noida,Best digital marketing agency in Noida,best-digital-marketing-agency,best-digital-marketing-agency-in-noida-uttar-pradesh,"Best Digital Marketing Agency in Noida, Uttar Pradesh | Torpedo Web India",Best Digital Marketing Agency in Noida,Book a Noida Revenue Session
Uttar Pradesh,Noida,Best Google Ads agency in Noida,best-google-ads-agency,best-google-ads-agency-in-noida-uttar-pradesh,"Best Google Ads Agency in Noida, Uttar Pradesh | Torpedo Web India",Best Google Ads Agency in Noida,Book a Noida Revenue Session
Uttar Pradesh,Noida,Best Meta Ads agency in Noida,best-meta-ads-agency,best-meta-ads-agency-in-noida-uttar-pradesh,"Best Meta Ads Agency in Noida, Uttar Pradesh | Torpedo Web India",Best Meta Ads Agency in Noida,Book a Noida Revenue Session
Uttar Pradesh,Noida,Best UI UX agency in Noida,best-ui-ux-agency,best-ui-ux-agency-in-noida-uttar-pradesh,"Best UI UX Agency in Noida, Uttar Pradesh | Torpedo Web India",Best UI UX Agency in Noida,Book a Noida Revenue Session
Uttar Pradesh,Noida,Best software company in Noida,best-software-company,best-software-company-in-noida-uttar-pradesh,"Best Software Company in Noida, Uttar Pradesh | Torpedo Web India",Best Software Company in Noida,Book a Noida Revenue Session
Uttar Pradesh,Ghaziabad,Best web agency in Ghaziabad,best-web-agency,best-web-agency-in-ghaziabad-uttar-pradesh,"Best Web Agency in Ghaziabad, Uttar Pradesh | Torpedo Web India",Best Web Agency in Ghaziabad,Book a Ghaziabad Growth Audit
Uttar Pradesh,Ghaziabad,Best web development company in Ghaziabad,best-web-development-company,best-web-development-company-in-ghaziabad-uttar-pradesh,"Best Web Development Company in Ghaziabad, Uttar Pradesh | Torpedo Web India",Best Web Development Company in Ghaziabad,Book a Ghaziabad Growth Audit
Uttar Pradesh,Ghaziabad,Best web developer in Ghaziabad,best-web-developer,best-web-developer-in-ghaziabad-uttar-pradesh,"Best Web Developer in Ghaziabad, Uttar Pradesh | Torpedo Web India",Best Web Developers in Ghaziabad,Book a Ghaziabad Growth Audit
Uttar Pradesh,Ghaziabad,Best web design company in Ghaziabad,best-web-design-company,best-web-design-company-in-ghaziabad-uttar-pradesh,"Best Web Design Company in Ghaziabad, Uttar Pradesh | Torpedo Web India",Best Web Design Company in Ghaziabad,Book a Ghaziabad Growth Audit
Uttar Pradesh,Ghaziabad,Best SEO company in Ghaziabad,best-seo-company,best-seo-company-in-ghaziabad-uttar-pradesh,"Best SEO Company in Ghaziabad, Uttar Pradesh | Torpedo Web India",Best SEO Company in Ghaziabad,Book a Ghaziabad Growth Audit
Uttar Pradesh,Ghaziabad,Best SEO agency in Ghaziabad,best-seo-agency,best-seo-agency-in-ghaziabad-uttar-pradesh,"Best SEO Agency in Ghaziabad, Uttar Pradesh | Torpedo Web India",Best SEO Agency in Ghaziabad,Book a Ghaziabad Growth Audit
Uttar Pradesh,Ghaziabad,Best digital marketing agency in Ghaziabad,best-digital-marketing-agency,best-digital-marketing-agency-in-ghaziabad-uttar-pradesh,"Best Digital Marketing Agency in Ghaziabad, Uttar Pradesh | Torpedo Web India",Best Digital Marketing Agency in Ghaziabad,Book a Ghaziabad Growth Audit
Uttar Pradesh,Ghaziabad,Best Google Ads agency in Ghaziabad,best-google-ads-agency,best-google-ads-agency-in-ghaziabad-uttar-pradesh,"Best Google Ads Agency in Ghaziabad, Uttar Pradesh | Torpedo Web India",Best Google Ads Agency in Ghaziabad,Book a Ghaziabad Growth Audit
Uttar Pradesh,Ghaziabad,Best Meta Ads agency in Ghaziabad,best-meta-ads-agency,best-meta-ads-agency-in-ghaziabad-uttar-pradesh,"Best Meta Ads Agency in Ghaziabad, Uttar Pradesh | Torpedo Web India",Best Meta Ads Agency in Ghaziabad,Book a Ghaziabad Growth Audit
Uttar Pradesh,Ghaziabad,Best UI UX agency in Ghaziabad,best-ui-ux-agency,best-ui-ux-agency-in-ghaziabad-uttar-pradesh,"Best UI UX Agency in Ghaziabad, Uttar Pradesh | Torpedo Web India",Best UI UX Agency in Ghaziabad,Book a Ghaziabad Growth Audit
Uttar Pradesh,Ghaziabad,Best software company in Ghaziabad,best-software-company,best-software-company-in-ghaziabad-uttar-pradesh,"Best Software Company in Ghaziabad, Uttar Pradesh | Torpedo Web India",Best Software Company in Ghaziabad,Book a Ghaziabad Growth Audit
Delhi,Delhi,Best web agency in Delhi,best-web-agency,best-web-agency-in-delhi-delhi,"Best Web Agency in Delhi, Delhi | Torpedo Web India",Best Web Agency in Delhi,Book a Delhi Strategy Call
Delhi,Delhi,Best web development company in Delhi,best-web-development-company,best-web-development-company-in-delhi-delhi,"Best Web Development Company in Delhi, Delhi | Torpedo Web India",Best Web Development Company in Delhi,Book a Delhi Strategy Call
Delhi,Delhi,Best web developer in Delhi,best-web-developer,best-web-developer-in-delhi-delhi,"Best Web Developer in Delhi, Delhi | Torpedo Web India",Best Web Developers in Delhi,Book a Delhi Strategy Call
Delhi,Delhi,Best web design company in Delhi,best-web-design-company,best-web-design-company-in-delhi-delhi,"Best Web Design Company in Delhi, Delhi | Torpedo Web India",Best Web Design Company in Delhi,Book a Delhi Strategy Call
Delhi,Delhi,Best SEO company in Delhi,best-seo-company,best-seo-company-in-delhi-delhi,"Best SEO Company in Delhi, Delhi | Torpedo Web India",Best SEO Company in Delhi,Book a Delhi Strategy Call
Delhi,Delhi,Best SEO agency in Delhi,best-seo-agency,best-seo-agency-in-delhi-delhi,"Best SEO Agency in Delhi, Delhi | Torpedo Web India",Best SEO Agency in Delhi,Book a Delhi Strategy Call
Delhi,Delhi,Best digital marketing agency in Delhi,best-digital-marketing-agency,best-digital-marketing-agency-in-delhi-delhi,"Best Digital Marketing Agency in Delhi, Delhi | Torpedo Web India",Best Digital Marketing Agency in Delhi,Book a Delhi Strategy Call
Delhi,Delhi,Best Google Ads agency in Delhi,best-google-ads-agency,best-google-ads-agency-in-delhi-delhi,"Best Google Ads Agency in Delhi, Delhi | Torpedo Web India",Best Google Ads Agency in Delhi,Book a Delhi Strategy Call
Delhi,Delhi,Best Meta Ads agency in Delhi,best-meta-ads-agency,best-meta-ads-agency-in-delhi-delhi,"Best Meta Ads Agency in Delhi, Delhi | Torpedo Web India",Best Meta Ads Agency in Delhi,Book a Delhi Strategy Call
Delhi,Delhi,Best UI UX agency in Delhi,best-ui-ux-agency,best-ui-ux-agency-in-delhi-delhi,"Best UI UX Agency in Delhi, Delhi | Torpedo Web India",Best UI UX Agency in Delhi,Book a Delhi Strategy Call
Delhi,Delhi,Best software company in Delhi,best-software-company,best-software-company-in-delhi-delhi,"Best Software Company in Delhi, Delhi | Torpedo Web India",Best Software Company in Delhi,Book a Delhi Strategy Call
Maharashtra,Mumbai,Best web agency in Mumbai,best-web-agency,best-web-agency-in-mumbai-maharashtra,"Best Web Agency in Mumbai, Maharashtra | Torpedo Web India",Best Web Agency in Mumbai,Book a Mumbai Growth Call
Maharashtra,Mumbai,Best web development company in Mumbai,best-web-development-company,best-web-development-company-in-mumbai-maharashtra,"Best Web Development Company in Mumbai, Maharashtra | Torpedo Web India",Best Web Development Company in Mumbai,Book a Mumbai Growth Call
Maharashtra,Mumbai,Best web developer in Mumbai,best-web-developer,best-web-developer-in-mumbai-maharashtra,"Best Web Developer in Mumbai, Maharashtra | Torpedo Web India",Best Web Developers in Mumbai,Book a Mumbai Growth Call
Maharashtra,Mumbai,Best web design company in Mumbai,best-web-design-company,best-web-design-company-in-mumbai-maharashtra,"Best Web Design Company in Mumbai, Maharashtra | Torpedo Web India",Best Web Design Company in Mumbai,Book a Mumbai Growth Call
Maharashtra,Mumbai,Best SEO company in Mumbai,best-seo-company,best-seo-company-in-mumbai-maharashtra,"Best SEO Company in Mumbai, Maharashtra | Torpedo Web India",Best SEO Company in Mumbai,Book a Mumbai Growth Call
Maharashtra,Mumbai,Best SEO agency in Mumbai,best-seo-agency,best-seo-agency-in-mumbai-maharashtra,"Best SEO Agency in Mumbai, Maharashtra | Torpedo Web India",Best SEO Agency in Mumbai,Book a Mumbai Growth Call
Maharashtra,Mumbai,Best digital marketing agency in Mumbai,best-digital-marketing-agency,best-digital-marketing-agency-in-mumbai-maharashtra,"Best Digital Marketing Agency in Mumbai, Maharashtra | Torpedo Web India",Best Digital Marketing Agency in Mumbai,Book a Mumbai Growth Call
Maharashtra,Mumbai,Best Google Ads agency in Mumbai,best-google-ads-agency,best-google-ads-agency-in-mumbai-maharashtra,"Best Google Ads Agency in Mumbai, Maharashtra | Torpedo Web India",Best Google Ads Agency in Mumbai,Book a Mumbai Growth Call
Maharashtra,Mumbai,Best Meta Ads agency in Mumbai,best-meta-ads-agency,best-meta-ads-agency-in-mumbai-maharashtra,"Best Meta Ads Agency in Mumbai, Maharashtra | Torpedo Web India",Best Meta Ads Agency in Mumbai,Book a Mumbai Growth Call
Maharashtra,Mumbai,Best UI UX agency in Mumbai,best-ui-ux-agency,best-ui-ux-agency-in-mumbai-maharashtra,"Best UI UX Agency in Mumbai, Maharashtra | Torpedo Web India",Best UI UX Agency in Mumbai,Book a Mumbai Growth Call
Maharashtra,Mumbai,Best software company in Mumbai,best-software-company,best-software-company-in-mumbai-maharashtra,"Best Software Company in Mumbai, Maharashtra | Torpedo Web India",Best Software Company in Mumbai,Book a Mumbai Growth Call
Karnataka,Bengaluru,Best web agency in Bengaluru,best-web-agency,best-web-agency-in-bengaluru-karnataka,"Best Web Agency in Bengaluru, Karnataka | Torpedo Web India",Best Web Agency in Bengaluru,Book a Bengaluru SEO Sprint
Karnataka,Bengaluru,Best web development company in Bengaluru,best-web-development-company,best-web-development-company-in-bengaluru-karnataka,"Best Web Development Company in Bengaluru, Karnataka | Torpedo Web India",Best Web Development Company in Bengaluru,Book a Bengaluru SEO Sprint
Karnataka,Bengaluru,Best web developer in Bengaluru,best-web-developer,best-web-developer-in-bengaluru-karnataka,"Best Web Developer in Bengaluru, Karnataka | Torpedo Web India",Best Web Developers in Bengaluru,Book a Bengaluru SEO Sprint
Karnataka,Bengaluru,Best web design company in Bengaluru,best-web-design-company,best-web-design-company-in-bengaluru-karnataka,"Best Web Design Company in Bengaluru, Karnataka | Torpedo Web India",Best Web Design Company in Bengaluru,Book a Bengaluru SEO Sprint
Karnataka,Bengaluru,Best SEO company in Bengaluru,best-seo-company,best-seo-company-in-bengaluru-karnataka,"Best SEO Company in Bengaluru, Karnataka | Torpedo Web India",Best SEO Company in Bengaluru,Book a Bengaluru SEO Sprint
Karnataka,Bengaluru,Best SEO agency in Bengaluru,best-seo-agency,best-seo-agency-in-bengaluru-karnataka,"Best SEO Agency in Bengaluru, Karnataka | Torpedo Web India",Best SEO Agency in Bengaluru,Book a Bengaluru SEO Sprint
Karnataka,Bengaluru,Best digital marketing agency in Bengaluru,best-digital-marketing-agency,best-digital-marketing-agency-in-bengaluru-karnataka,"Best Digital Marketing Agency in Bengaluru, Karnataka | Torpedo Web India",Best Digital Marketing Agency in Bengaluru,Book a Bengaluru SEO Sprint
Karnataka,Bengaluru,Best Google Ads agency in Bengaluru,best-google-ads-agency,best-google-ads-agency-in-bengaluru-karnataka,"Best Google Ads Agency in Bengaluru, Karnataka | Torpedo Web India",Best Google Ads Agency in Bengaluru,Book a Bengaluru SEO Sprint
Karnataka,Bengaluru,Best Meta Ads agency in Bengaluru,best-meta-ads-agency,best-meta-ads-agency-in-bengaluru-karnataka,"Best Meta Ads Agency in Bengaluru, Karnataka | Torpedo Web India",Best Meta Ads Agency in Bengaluru,Book a Bengaluru SEO Sprint
Karnataka,Bengaluru,Best UI UX agency in Bengaluru,best-ui-ux-agency,best-ui-ux-agency-in-bengaluru-karnataka,"Best UI UX Agency in Bengaluru, Karnataka | Torpedo Web India",Best UI UX Agency in Bengaluru,Book a Bengaluru SEO Sprint
Karnataka,Bengaluru,Best software company in Bengaluru,best-software-company,best-software-company-in-bengaluru-karnataka,"Best Software Company in Bengaluru, Karnataka | Torpedo Web India",Best Software Company in Bengaluru,Book a Bengaluru SEO Sprint
Telangana,Hyderabad,Best web agency in Hyderabad,best-web-agency,best-web-agency-in-hyderabad-telangana,"Best Web Agency in Hyderabad, Telangana | Torpedo Web India",Best Web Agency in Hyderabad,Book a Hyderabad Growth Call
Telangana,Hyderabad,Best web development company in Hyderabad,best-web-development-company,best-web-development-company-in-hyderabad-telangana,"Best Web Development Company in Hyderabad, Telangana | Torpedo Web India",Best Web Development Company in Hyderabad,Book a Hyderabad Growth Call
Telangana,Hyderabad,Best web developer in Hyderabad,best-web-developer,best-web-developer-in-hyderabad-telangana,"Best Web Developer in Hyderabad, Telangana | Torpedo Web India",Best Web Developers in Hyderabad,Book a Hyderabad Growth Call
Telangana,Hyderabad,Best web design company in Hyderabad,best-web-design-company,best-web-design-company-in-hyderabad-telangana,"Best Web Design Company in Hyderabad, Telangana | Torpedo Web India",Best Web Design Company in Hyderabad,Book a Hyderabad Growth Call
Telangana,Hyderabad,Best SEO company in Hyderabad,best-seo-company,best-seo-company-in-hyderabad-telangana,"Best SEO Company in Hyderabad, Telangana | Torpedo Web India",Best SEO Company in Hyderabad,Book a Hyderabad Growth Call
Telangana,Hyderabad,Best SEO agency in Hyderabad,best-seo-agency,best-seo-agency-in-hyderabad-telangana,"Best SEO Agency in Hyderabad, Telangana | Torpedo Web India",Best SEO Agency in Hyderabad,Book a Hyderabad Growth Call
Telangana,Hyderabad,Best digital marketing agency in Hyderabad,best-digital-marketing-agency,best-digital-marketing-agency-in-hyderabad-telangana,"Best Digital Marketing Agency in Hyderabad, Telangana | Torpedo Web India",Best Digital Marketing Agency in Hyderabad,Book a Hyderabad Growth Call
Telangana,Hyderabad,Best Google Ads agency in Hyderabad,best-google-ads-agency,best-google-ads-agency-in-hyderabad-telangana,"Best Google Ads Agency in Hyderabad, Telangana | Torpedo Web India",Best Google Ads Agency in Hyderabad,Book a Hyderabad Growth Call
Telangana,Hyderabad,Best Meta Ads agency in Hyderabad,best-meta-ads-agency,best-meta-ads-agency-in-hyderabad-telangana,"Best Meta Ads Agency in Hyderabad, Telangana | Torpedo Web India",Best Meta Ads Agency in Hyderabad,Book a Hyderabad Growth Call
Telangana,Hyderabad,Best UI UX agency in Hyderabad,best-ui-ux-agency,best-ui-ux-agency-in-hyderabad-telangana,"Best UI UX Agency in Hyderabad, Telangana | Torpedo Web India",Best UI UX Agency in Hyderabad,Book a Hyderabad Growth Call
Telangana,Hyderabad,Best software company in Hyderabad,best-software-company,best-software-company-in-hyderabad-telangana,"Best Software Company in Hyderabad, Telangana | Torpedo Web India",Best Software Company in Hyderabad,Book a Hyderabad Growth Call
Tamil Nadu,Chennai,Best web agency in Chennai,best-web-agency,best-web-agency-in-chennai-tamil-nadu,"Best Web Agency in Chennai, Tamil Nadu | Torpedo Web India",Best Web Agency in Chennai,Book a Chennai Growth Session
Tamil Nadu,Chennai,Best web development company in Chennai,best-web-development-company,best-web-development-company-in-chennai-tamil-nadu,"Best Web Development Company in Chennai, Tamil Nadu | Torpedo Web India",Best Web Development Company in Chennai,Book a Chennai Growth Session
Tamil Nadu,Chennai,Best web developer in Chennai,best-web-developer,best-web-developer-in-chennai-tamil-nadu,"Best Web Developer in Chennai, Tamil Nadu | Torpedo Web India",Best Web Developers in Chennai,Book a Chennai Growth Session
Tamil Nadu,Chennai,Best web design company in Chennai,best-web-design-company,best-web-design-company-in-chennai-tamil-nadu,"Best Web Design Company in Chennai, Tamil Nadu | Torpedo Web India",Best Web Design Company in Chennai,Book a Chennai Growth Session
Tamil Nadu,Chennai,Best SEO company in Chennai,best-seo-company,best-seo-company-in-chennai-tamil-nadu,"Best SEO Company in Chennai, Tamil Nadu | Torpedo Web India",Best SEO Company in Chennai,Book a Chennai Growth Session
Tamil Nadu,Chennai,Best SEO agency in Chennai,best-seo-agency,best-seo-agency-in-chennai-tamil-nadu,"Best SEO Agency in Chennai, Tamil Nadu | Torpedo Web India",Best SEO Agency in Chennai,Book a Chennai Growth Session
Tamil Nadu,Chennai,Best digital marketing agency in Chennai,best-digital-marketing-agency,best-digital-marketing-agency-in-chennai-tamil-nadu,"Best Digital Marketing Agency in Chennai, Tamil Nadu | Torpedo Web India",Best Digital Marketing Agency in Chennai,Book a Chennai Growth Session
Tamil Nadu,Chennai,Best Google Ads agency in Chennai,best-google-ads-agency,best-google-ads-agency-in-chennai-tamil-nadu,"Best Google Ads Agency in Chennai, Tamil Nadu | Torpedo Web India",Best Google Ads Agency in Chennai,Book a Chennai Growth Session
Tamil Nadu,Chennai,Best Meta Ads agency in Chennai,best-meta-ads-agency,best-meta-ads-agency-in-chennai-tamil-nadu,"Best Meta Ads Agency in Chennai, Tamil Nadu | Torpedo Web India",Best Meta Ads Agency in Chennai,Book a Chennai Growth Session
Tamil Nadu,Chennai,Best UI UX agency in Chennai,best-ui-ux-agency,best-ui-ux-agency-in-chennai-tamil-nadu,"Best UI UX Agency in Chennai, Tamil Nadu | Torpedo Web India",Best UI UX Agency in Chennai,Book a Chennai Growth Session
Tamil Nadu,Chennai,Best software company in Chennai,best-software-company,best-software-company-in-chennai-tamil-nadu,"Best Software Company in Chennai, Tamil Nadu | Torpedo Web India",Best Software Company in Chennai,Book a Chennai Growth Session
Maharashtra,Pune,Best web agency in Pune,best-web-agency,best-web-agency-in-pune-maharashtra,"Best Web Agency in Pune, Maharashtra | Torpedo Web India",Best Web Agency in Pune,Plan Pune Local SEO Build
Maharashtra,Pune,Best web development company in Pune,best-web-development-company,best-web-development-company-in-pune-maharashtra,"Best Web Development Company in Pune, Maharashtra | Torpedo Web India",Best Web Development Company in Pune,Plan Pune Local SEO Build
Maharashtra,Pune,Best web developer in Pune,best-web-developer,best-web-developer-in-pune-maharashtra,"Best Web Developer in Pune, Maharashtra | Torpedo Web India",Best Web Developers in Pune,Plan Pune Local SEO Build
Maharashtra,Pune,Best web design company in Pune,best-web-design-company,best-web-design-company-in-pune-maharashtra,"Best Web Design Company in Pune, Maharashtra | Torpedo Web India",Best Web Design Company in Pune,Plan Pune Local SEO Build
Maharashtra,Pune,Best SEO company in Pune,best-seo-company,best-seo-company-in-pune-maharashtra,"Best SEO Company in Pune, Maharashtra | Torpedo Web India",Best SEO Company in Pune,Plan Pune Local SEO Build
Maharashtra,Pune,Best SEO agency in Pune,best-seo-agency,best-seo-agency-in-pune-maharashtra,"Best SEO Agency in Pune, Maharashtra | Torpedo Web India",Best SEO Agency in Pune,Plan Pune Local SEO Build
Maharashtra,Pune,Best digital marketing agency in Pune,best-digital-marketing-agency,best-digital-marketing-agency-in-pune-maharashtra,"Best Digital Marketing Agency in Pune, Maharashtra | Torpedo Web India",Best Digital Marketing Agency in Pune,Plan Pune Local SEO Build
Maharashtra,Pune,Best Google Ads agency in Pune,best-google-ads-agency,best-google-ads-agency-in-pune-maharashtra,"Best Google Ads Agency in Pune, Maharashtra | Torpedo Web India",Best Google Ads Agency in Pune,Plan Pune Local SEO Build
Maharashtra,Pune,Best Meta Ads agency in Pune,best-meta-ads-agency,best-meta-ads-agency-in-pune-maharashtra,"Best Meta Ads Agency in Pune, Maharashtra | Torpedo Web India",Best Meta Ads Agency in Pune,Plan Pune Local SEO Build
Maharashtra,Pune,Best UI UX agency in Pune,best-ui-ux-agency,best-ui-ux-agency-in-pune-maharashtra,"Best UI UX Agency in Pune, Maharashtra | Torpedo Web India",Best UI UX Agency in Pune,Plan Pune Local SEO Build
Maharashtra,Pune,Best software company in Pune,best-software-company,best-software-company-in-pune-maharashtra,"Best Software Company in Pune, Maharashtra | Torpedo Web India",Best Software Company in Pune,Plan Pune Local SEO Build
Gujarat,Ahmedabad,Best web agency in Ahmedabad,best-web-agency,best-web-agency-in-ahmedabad-gujarat,"Best Web Agency in Ahmedabad, Gujarat | Torpedo Web India",Best Web Agency in Ahmedabad,Book Ahmedabad SEO Consultation
Gujarat,Ahmedabad,Best web development company in Ahmedabad,best-web-development-company,best-web-development-company-in-ahmedabad-gujarat,"Best Web Development Company in Ahmedabad, Gujarat | Torpedo Web India",Best Web Development Company in Ahmedabad,Book Ahmedabad SEO Consultation
Gujarat,Ahmedabad,Best web developer in Ahmedabad,best-web-developer,best-web-developer-in-ahmedabad-gujarat,"Best Web Developer in Ahmedabad, Gujarat | Torpedo Web India",Best Web Developers in Ahmedabad,Book Ahmedabad SEO Consultation
Gujarat,Ahmedabad,Best web design company in Ahmedabad,best-web-design-company,best-web-design-company-in-ahmedabad-gujarat,"Best Web Design Company in Ahmedabad, Gujarat | Torpedo Web India",Best Web Design Company in Ahmedabad,Book Ahmedabad SEO Consultation
Gujarat,Ahmedabad,Best SEO company in Ahmedabad,best-seo-company,best-seo-company-in-ahmedabad-gujarat,"Best SEO Company in Ahmedabad, Gujarat | Torpedo Web India",Best SEO Company in Ahmedabad,Book Ahmedabad SEO Consultation
Gujarat,Ahmedabad,Best SEO agency in Ahmedabad,best-seo-agency,best-seo-agency-in-ahmedabad-gujarat,"Best SEO Agency in Ahmedabad, Gujarat | Torpedo Web India",Best SEO Agency in Ahmedabad,Book Ahmedabad SEO Consultation
Gujarat,Ahmedabad,Best digital marketing agency in Ahmedabad,best-digital-marketing-agency,best-digital-marketing-agency-in-ahmedabad-gujarat,"Best Digital Marketing Agency in Ahmedabad, Gujarat | Torpedo Web India",Best Digital Marketing Agency in Ahmedabad,Book Ahmedabad SEO Consultation
Gujarat,Ahmedabad,Best Google Ads agency in Ahmedabad,best-google-ads-agency,best-google-ads-agency-in-ahmedabad-gujarat,"Best Google Ads Agency in Ahmedabad, Gujarat | Torpedo Web India",Best Google Ads Agency in Ahmedabad,Book Ahmedabad SEO Consultation
Gujarat,Ahmedabad,Best Meta Ads agency in Ahmedabad,best-meta-ads-agency,best-meta-ads-agency-in-ahmedabad-gujarat,"Best Meta Ads Agency in Ahmedabad, Gujarat | Torpedo Web India",Best Meta Ads Agency in Ahmedabad,Book Ahmedabad SEO Consultation
Gujarat,Ahmedabad,Best UI UX agency in Ahmedabad,best-ui-ux-agency,best-ui-ux-agency-in-ahmedabad-gujarat,"Best UI UX Agency in Ahmedabad, Gujarat | Torpedo Web India",Best UI UX Agency in Ahmedabad,Book Ahmedabad SEO Consultation
Gujarat,Ahmedabad,Best software company in Ahmedabad,best-software-company,best-software-company-in-ahmedabad-gujarat,"Best Software Company in Ahmedabad, Gujarat | Torpedo Web India",Best Software Company in Ahmedabad,Book Ahmedabad SEO Consultation
Rajasthan,Jaipur,Best web agency in Jaipur,best-web-agency,best-web-agency-in-jaipur-rajasthan,"Best Web Agency in Jaipur, Rajasthan | Torpedo Web India",Best Web Agency in Jaipur,Book Jaipur Growth Audit
Rajasthan,Jaipur,Best web development company in Jaipur,best-web-development-company,best-web-development-company-in-jaipur-rajasthan,"Best Web Development Company in Jaipur, Rajasthan | Torpedo Web India",Best Web Development Company in Jaipur,Book Jaipur Growth Audit
Rajasthan,Jaipur,Best web developer in Jaipur,best-web-developer,best-web-developer-in-jaipur-rajasthan,"Best Web Developer in Jaipur, Rajasthan | Torpedo Web India",Best Web Developers in Jaipur,Book Jaipur Growth Audit
Rajasthan,Jaipur,Best web design company in Jaipur,best-web-design-company,best-web-design-company-in-jaipur-rajasthan,"Best Web Design Company in Jaipur, Rajasthan | Torpedo Web India",Best Web Design Company in Jaipur,Book Jaipur Growth Audit
Rajasthan,Jaipur,Best SEO company in Jaipur,best-seo-company,best-seo-company-in-jaipur-rajasthan,"Best SEO Company in Jaipur, Rajasthan | Torpedo Web India",Best SEO Company in Jaipur,Book Jaipur Growth Audit
Rajasthan,Jaipur,Best SEO agency in Jaipur,best-seo-agency,best-seo-agency-in-jaipur-rajasthan,"Best SEO Agency in Jaipur, Rajasthan | Torpedo Web India",Best SEO Agency in Jaipur,Book Jaipur Growth Audit
Rajasthan,Jaipur,Best digital marketing agency in Jaipur,best-digital-marketing-agency,best-digital-marketing-agency-in-jaipur-rajasthan,"Best Digital Marketing Agency in Jaipur, Rajasthan | Torpedo Web India",Best Digital Marketing Agency in Jaipur,Book Jaipur Growth Audit
Rajasthan,Jaipur,Best Google Ads agency in Jaipur,best-google-ads-agency,best-google-ads-agency-in-jaipur-rajasthan,"Best Google Ads Agency in Jaipur, Rajasthan | Torpedo Web India",Best Google Ads Agency in Jaipur,Book Jaipur Growth Audit
Rajasthan,Jaipur,Best Meta Ads agency in Jaipur,best-meta-ads-agency,best-meta-ads-agency-in-jaipur-rajasthan,"Best Meta Ads Agency in Jaipur, Rajasthan | Torpedo Web India",Best Meta Ads Agency in Jaipur,Book Jaipur Growth Audit
Rajasthan,Jaipur,Best UI UX agency in Jaipur,best-ui-ux-agency,best-ui-ux-agency-in-jaipur-rajasthan,"Best UI UX Agency in Jaipur, Rajasthan | Torpedo Web India",Best UI UX Agency in Jaipur,Book Jaipur Growth Audit
Rajasthan,Jaipur,Best software company in Jaipur,best-software-company,best-software-company-in-jaipur-rajasthan,"Best Software Company in Jaipur, Rajasthan | Torpedo Web India",Best Software Company in Jaipur,Book Jaipur Growth Audit
West Bengal,Kolkata,Best web agency in Kolkata,best-web-agency,best-web-agency-in-kolkata-west-bengal,"Best Web Agency in Kolkata, West Bengal | Torpedo Web India",Best Web Agency in Kolkata,Plan Kolkata Growth Infrastructure
West Bengal,Kolkata,Best web development company in Kolkata,best-web-development-company,best-web-development-company-in-kolkata-west-bengal,"Best Web Development Company in Kolkata, West Bengal | Torpedo Web India",Best Web Development Company in Kolkata,Plan Kolkata Growth Infrastructure
West Bengal,Kolkata,Best web developer in Kolkata,best-web-developer,best-web-developer-in-kolkata-west-bengal,"Best Web Developer in Kolkata, West Bengal | Torpedo Web India",Best Web Developers in Kolkata,Plan Kolkata Growth Infrastructure
West Bengal,Kolkata,Best web design company in Kolkata,best-web-design-company,best-web-design-company-in-kolkata-west-bengal,"Best Web Design Company in Kolkata, West Bengal | Torpedo Web India",Best Web Design Company in Kolkata,Plan Kolkata Growth Infrastructure
West Bengal,Kolkata,Best SEO company in Kolkata,best-seo-company,best-seo-company-in-kolkata-west-bengal,"Best SEO Company in Kolkata, West Bengal | Torpedo Web India",Best SEO Company in Kolkata,Plan Kolkata Growth Infrastructure
West Bengal,Kolkata,Best SEO agency in Kolkata,best-seo-agency,best-seo-agency-in-kolkata-west-bengal,"Best SEO Agency in Kolkata, West Bengal | Torpedo Web India",Best SEO Agency in Kolkata,Plan Kolkata Growth Infrastructure
West Bengal,Kolkata,Best digital marketing agency in Kolkata,best-digital-marketing-agency,best-digital-marketing-agency-in-kolkata-west-bengal,"Best Digital Marketing Agency in Kolkata, West Bengal | Torpedo Web India",Best Digital Marketing Agency in Kolkata,Plan Kolkata Growth Infrastructure
West Bengal,Kolkata,Best Google Ads agency in Kolkata,best-google-ads-agency,best-google-ads-agency-in-kolkata-west-bengal,"Best Google Ads Agency in Kolkata, West Bengal | Torpedo Web India",Best Google Ads Agency in Kolkata,Plan Kolkata Growth Infrastructure
West Bengal,Kolkata,Best Meta Ads agency in Kolkata,best-meta-ads-agency,best-meta-ads-agency-in-kolkata-west-bengal,"Best Meta Ads Agency in Kolkata, West Bengal | Torpedo Web India",Best Meta Ads Agency in Kolkata,Plan Kolkata Growth Infrastructure
West Bengal,Kolkata,Best UI UX agency in Kolkata,best-ui-ux-agency,best-ui-ux-agency-in-kolkata-west-bengal,"Best UI UX Agency in Kolkata, West Bengal | Torpedo Web India",Best UI UX Agency in Kolkata,Plan Kolkata Growth Infrastructure
West Bengal,Kolkata,Best software company in Kolkata,best-software-company,best-software-company-in-kolkata-west-bengal,"Best Software Company in Kolkata, West Bengal | Torpedo Web India",Best Software Company in Kolkata,Plan Kolkata Growth Infrastructure
Chandigarh,Chandigarh,Best web agency in Chandigarh,best-web-agency,best-web-agency-in-chandigarh-chandigarh,"Best Web Agency in Chandigarh, Chandigarh | Torpedo Web India",Best Web Agency in Chandigarh,Book Chandigarh SEO Session
Chandigarh,Chandigarh,Best web development company in Chandigarh,best-web-development-company,best-web-development-company-in-chandigarh-chandigarh,"Best Web Development Company in Chandigarh, Chandigarh | Torpedo Web India",Best Web Development Company in Chandigarh,Book Chandigarh SEO Session
Chandigarh,Chandigarh,Best web developer in Chandigarh,best-web-developer,best-web-developer-in-chandigarh-chandigarh,"Best Web Developer in Chandigarh, Chandigarh | Torpedo Web India",Best Web Developers in Chandigarh,Book Chandigarh SEO Session
Chandigarh,Chandigarh,Best web design company in Chandigarh,best-web-design-company,best-web-design-company-in-chandigarh-chandigarh,"Best Web Design Company in Chandigarh, Chandigarh | Torpedo Web India",Best Web Design Company in Chandigarh,Book Chandigarh SEO Session
Chandigarh,Chandigarh,Best SEO company in Chandigarh,best-seo-company,best-seo-company-in-chandigarh-chandigarh,"Best SEO Company in Chandigarh, Chandigarh | Torpedo Web India",Best SEO Company in Chandigarh,Book Chandigarh SEO Session
Chandigarh,Chandigarh,Best SEO agency in Chandigarh,best-seo-agency,best-seo-agency-in-chandigarh-chandigarh,"Best SEO Agency in Chandigarh, Chandigarh | Torpedo Web India",Best SEO Agency in Chandigarh,Book Chandigarh SEO Session
Chandigarh,Chandigarh,Best digital marketing agency in Chandigarh,best-digital-marketing-agency,best-digital-marketing-agency-in-chandigarh-chandigarh,"Best Digital Marketing Agency in Chandigarh, Chandigarh | Torpedo Web India",Best Digital Marketing Agency in Chandigarh,Book Chandigarh SEO Session
Chandigarh,Chandigarh,Best Google Ads agency in Chandigarh,best-google-ads-agency,best-google-ads-agency-in-chandigarh-chandigarh,"Best Google Ads Agency in Chandigarh, Chandigarh | Torpedo Web India",Best Google Ads Agency in Chandigarh,Book Chandigarh SEO Session
Chandigarh,Chandigarh,Best Meta Ads agency in Chandigarh,best-meta-ads-agency,best-meta-ads-agency-in-chandigarh-chandigarh,"Best Meta Ads Agency in Chandigarh, Chandigarh | Torpedo Web India",Best Meta Ads Agency in Chandigarh,Book Chandigarh SEO Session
Chandigarh,Chandigarh,Best UI UX agency in Chandigarh,best-ui-ux-agency,best-ui-ux-agency-in-chandigarh-chandigarh,"Best UI UX Agency in Chandigarh, Chandigarh | Torpedo Web India",Best UI UX Agency in Chandigarh,Book Chandigarh SEO Session
Chandigarh,Chandigarh,Best software company in Chandigarh,best-software-company,best-software-company-in-chandigarh-chandigarh,"Best Software Company in Chandigarh, Chandigarh | Torpedo Web India",Best Software Company in Chandigarh,Book Chandigarh SEO Session
Haryana,Gurugram,Best web agency in Gurugram,best-web-agency,best-web-agency-in-gurugram-haryana,"Best Web Agency in Gurugram, Haryana | Torpedo Web India",Best Web Agency in Gurugram,Plan Gurugram SEO + Web Stack
Haryana,Gurugram,Best web development company in Gurugram,best-web-development-company,best-web-development-company-in-gurugram-haryana,"Best Web Development Company in Gurugram, Haryana | Torpedo Web India",Best Web Development Company in Gurugram,Plan Gurugram SEO + Web Stack
Haryana,Gurugram,Best web developer in Gurugram,best-web-developer,best-web-developer-in-gurugram-haryana,"Best Web Developer in Gurugram, Haryana | Torpedo Web India",Best Web Developers in Gurugram,Plan Gurugram SEO + Web Stack
Haryana,Gurugram,Best web design company in Gurugram,best-web-design-company,best-web-design-company-in-gurugram-haryana,"Best Web Design Company in Gurugram, Haryana | Torpedo Web India",Best Web Design Company in Gurugram,Plan Gurugram SEO + Web Stack
Haryana,Gurugram,Best SEO company in Gurugram,best-seo-company,best-seo-company-in-gurugram-haryana,"Best SEO Company in Gurugram, Haryana | Torpedo Web India",Best SEO Company in Gurugram,Plan Gurugram SEO + Web Stack
Haryana,Gurugram,Best SEO agency in Gurugram,best-seo-agency,best-seo-agency-in-gurugram-haryana,"Best SEO Agency in Gurugram, Haryana | Torpedo Web India",Best SEO Agency in Gurugram,Plan Gurugram SEO + Web Stack
Haryana,Gurugram,Best digital marketing agency in Gurugram,best-digital-marketing-agency,best-digital-marketing-agency-in-gurugram-haryana,"Best Digital Marketing Agency in Gurugram, Haryana | Torpedo Web India",Best Digital Marketing Agency in Gurugram,Plan Gurugram SEO + Web Stack
Haryana,Gurugram,Best Google Ads agency in Gurugram,best-google-ads-agency,best-google-ads-agency-in-gurugram-haryana,"Best Google Ads Agency in Gurugram, Haryana | Torpedo Web India",Best Google Ads Agency in Gurugram,Plan Gurugram SEO + Web Stack
Haryana,Gurugram,Best Meta Ads agency in Gurugram,best-meta-ads-agency,best-meta-ads-agency-in-gurugram-haryana,"Best Meta Ads Agency in Gurugram, Haryana | Torpedo Web India",Best Meta Ads Agency in Gurugram,Plan Gurugram SEO + Web Stack
Haryana,Gurugram,Best UI UX agency in Gurugram,best-ui-ux-agency,best-ui-ux-agency-in-gurugram-haryana,"Best UI UX Agency in Gurugram, Haryana | Torpedo Web India",Best UI UX Agency in Gurugram,Plan Gurugram SEO + Web Stack
Haryana,Gurugram,Best software company in Gurugram,best-software-company,best-software-company-in-gurugram-haryana,"Best Software Company in Gurugram, Haryana | Torpedo Web India",Best Software Company in Gurugram,Plan Gurugram SEO + Web Stack
Madhya Pradesh,Indore,Best web agency in Indore,best-web-agency,best-web-agency-in-indore-madhya-pradesh,"Best Web Agency in Indore, Madhya Pradesh | Torpedo Web India",Best Web Agency in Indore,Book Indore Growth Blueprint
Madhya Pradesh,Indore,Best web development company in Indore,best-web-development-company,best-web-development-company-in-indore-madhya-pradesh,"Best Web Development Company in Indore, Madhya Pradesh | Torpedo Web India",Best Web Development Company in Indore,Book Indore Growth Blueprint
Madhya Pradesh,Indore,Best web developer in Indore,best-web-developer,best-web-developer-in-indore-madhya-pradesh,"Best Web Developer in Indore, Madhya Pradesh | Torpedo Web India",Best Web Developers in Indore,Book Indore Growth Blueprint
Madhya Pradesh,Indore,Best web design company in Indore,best-web-design-company,best-web-design-company-in-indore-madhya-pradesh,"Best Web Design Company in Indore, Madhya Pradesh | Torpedo Web India",Best Web Design Company in Indore,Book Indore Growth Blueprint
Madhya Pradesh,Indore,Best SEO company in Indore,best-seo-company,best-seo-company-in-indore-madhya-pradesh,"Best SEO Company in Indore, Madhya Pradesh | Torpedo Web India",Best SEO Company in Indore,Book Indore Growth Blueprint
Madhya Pradesh,Indore,Best SEO agency in Indore,best-seo-agency,best-seo-agency-in-indore-madhya-pradesh,"Best SEO Agency in Indore, Madhya Pradesh | Torpedo Web India",Best SEO Agency in Indore,Book Indore Growth Blueprint
Madhya Pradesh,Indore,Best digital marketing agency in Indore,best-digital-marketing-agency,best-digital-marketing-agency-in-indore-madhya-pradesh,"Best Digital Marketing Agency in Indore, Madhya Pradesh | Torpedo Web India",Best Digital Marketing Agency in Indore,Book Indore Growth Blueprint
Madhya Pradesh,Indore,Best Google Ads agency in Indore,best-google-ads-agency,best-google-ads-agency-in-indore-madhya-pradesh,"Best Google Ads Agency in Indore, Madhya Pradesh | Torpedo Web India",Best Google Ads Agency in Indore,Book Indore Growth Blueprint
Madhya Pradesh,Indore,Best Meta Ads agency in Indore,best-meta-ads-agency,best-meta-ads-agency-in-indore-madhya-pradesh,"Best Meta Ads Agency in Indore, Madhya Pradesh | Torpedo Web India",Best Meta Ads Agency in Indore,Book Indore Growth Blueprint
Madhya Pradesh,Indore,Best UI UX agency in Indore,best-ui-ux-agency,best-ui-ux-agency-in-indore-madhya-pradesh,"Best UI UX Agency in Indore, Madhya Pradesh | Torpedo Web India",Best UI UX Agency in Indore,Book Indore Growth Blueprint
Madhya Pradesh,Indore,Best software company in Indore,best-software-company,best-software-company-in-indore-madhya-pradesh,"Best Software Company in Indore, Madhya Pradesh | Torpedo Web India",Best Software Company in Indore,Book Indore Growth Blueprint
Madhya Pradesh,Bhopal,Best web agency in Bhopal,best-web-agency,best-web-agency-in-bhopal-madhya-pradesh,"Best Web Agency in Bhopal, Madhya Pradesh | Torpedo Web India",Best Web Agency in Bhopal,Book Bhopal SEO Planning Call
Madhya Pradesh,Bhopal,Best web development company in Bhopal,best-web-development-company,best-web-development-company-in-bhopal-madhya-pradesh,"Best Web Development Company in Bhopal, Madhya Pradesh | Torpedo Web India",Best Web Development Company in Bhopal,Book Bhopal SEO Planning Call
Madhya Pradesh,Bhopal,Best web developer in Bhopal,best-web-developer,best-web-developer-in-bhopal-madhya-pradesh,"Best Web Developer in Bhopal, Madhya Pradesh | Torpedo Web India",Best Web Developers in Bhopal,Book Bhopal SEO Planning Call
Madhya Pradesh,Bhopal,Best web design company in Bhopal,best-web-design-company,best-web-design-company-in-bhopal-madhya-pradesh,"Best Web Design Company in Bhopal, Madhya Pradesh | Torpedo Web India",Best Web Design Company in Bhopal,Book Bhopal SEO Planning Call
Madhya Pradesh,Bhopal,Best SEO company in Bhopal,best-seo-company,best-seo-company-in-bhopal-madhya-pradesh,"Best SEO Company in Bhopal, Madhya Pradesh | Torpedo Web India",Best SEO Company in Bhopal,Book Bhopal SEO Planning Call
Madhya Pradesh,Bhopal,Best SEO agency in Bhopal,best-seo-agency,best-seo-agency-in-bhopal-madhya-pradesh,"Best SEO Agency in Bhopal, Madhya Pradesh | Torpedo Web India",Best SEO Agency in Bhopal,Book Bhopal SEO Planning Call
Madhya Pradesh,Bhopal,Best digital marketing agency in Bhopal,best-digital-marketing-agency,best-digital-marketing-agency-in-bhopal-madhya-pradesh,"Best Digital Marketing Agency in Bhopal, Madhya Pradesh | Torpedo Web India",Best Digital Marketing Agency in Bhopal,Book Bhopal SEO Planning Call
Madhya Pradesh,Bhopal,Best Google Ads agency in Bhopal,best-google-ads-agency,best-google-ads-agency-in-bhopal-madhya-pradesh,"Best Google Ads Agency in Bhopal, Madhya Pradesh | Torpedo Web India",Best Google Ads Agency in Bhopal,Book Bhopal SEO Planning Call
Madhya Pradesh,Bhopal,Best Meta Ads agency in Bhopal,best-meta-ads-agency,best-meta-ads-agency-in-bhopal-madhya-pradesh,"Best Meta Ads Agency in Bhopal, Madhya Pradesh | Torpedo Web India",Best Meta Ads Agency in Bhopal,Book Bhopal SEO Planning Call
Madhya Pradesh,Bhopal,Best UI UX agency in Bhopal,best-ui-ux-agency,best-ui-ux-agency-in-bhopal-madhya-pradesh,"Best UI UX Agency in Bhopal, Madhya Pradesh | Torpedo Web India",Best UI UX Agency in Bhopal,Book Bhopal SEO Planning Call
Madhya Pradesh,Bhopal,Best software company in Bhopal,best-software-company,best-software-company-in-bhopal-madhya-pradesh,"Best Software Company in Bhopal, Madhya Pradesh | Torpedo Web India",Best Software Company in Bhopal,Book Bhopal SEO Planning Call
Bihar,Patna,Best web agency in Patna,best-web-agency,best-web-agency-in-patna-bihar,"Best Web Agency in Patna, Bihar | Torpedo Web India",Best Web Agency in Patna,Book Patna Web + SEO Build
Bihar,Patna,Best web development company in Patna,best-web-development-company,best-web-development-company-in-patna-bihar,"Best Web Development Company in Patna, Bihar | Torpedo Web India",Best Web Development Company in Patna,Book Patna Web + SEO Build
Bihar,Patna,Best web developer in Patna,best-web-developer,best-web-developer-in-patna-bihar,"Best Web Developer in Patna, Bihar | Torpedo Web India",Best Web Developers in Patna,Book Patna Web + SEO Build
Bihar,Patna,Best web design company in Patna,best-web-design-company,best-web-design-company-in-patna-bihar,"Best Web Design Company in Patna, Bihar | Torpedo Web India",Best Web Design Company in Patna,Book Patna Web + SEO Build
Bihar,Patna,Best SEO company in Patna,best-seo-company,best-seo-company-in-patna-bihar,"Best SEO Company in Patna, Bihar | Torpedo Web India",Best SEO Company in Patna,Book Patna Web + SEO Build
Bihar,Patna,Best SEO agency in Patna,best-seo-agency,best-seo-agency-in-patna-bihar,"Best SEO Agency in Patna, Bihar | Torpedo Web India",Best SEO Agency in Patna,Book Patna Web + SEO Build
Bihar,Patna,Best digital marketing agency in Patna,best-digital-marketing-agency,best-digital-marketing-agency-in-patna-bihar,"Best Digital Marketing Agency in Patna, Bihar | Torpedo Web India",Best Digital Marketing Agency in Patna,Book Patna Web + SEO Build
Bihar,Patna,Best Google Ads agency in Patna,best-google-ads-agency,best-google-ads-agency-in-patna-bihar,"Best Google Ads Agency in Patna, Bihar | Torpedo Web India",Best Google Ads Agency in Patna,Book Patna Web + SEO Build
Bihar,Patna,Best Meta Ads agency in Patna,best-meta-ads-agency,best-meta-ads-agency-in-patna-bihar,"Best Meta Ads Agency in Patna, Bihar | Torpedo Web India",Best Meta Ads Agency in Patna,Book Patna Web + SEO Build
Bihar,Patna,Best UI UX agency in Patna,best-ui-ux-agency,best-ui-ux-agency-in-patna-bihar,"Best UI UX Agency in Patna, Bihar | Torpedo Web India",Best UI UX Agency in Patna,Book Patna Web + SEO Build
Bihar,Patna,Best software company in Patna,best-software-company,best-software-company-in-patna-bihar,"Best Software Company in Patna, Bihar | Torpedo Web India",Best Software Company in Patna,Book Patna Web + SEO Build
Odisha,Bhubaneswar,Best web agency in Bhubaneswar,best-web-agency,best-web-agency-in-bhubaneswar-odisha,"Best Web Agency in Bhubaneswar, Odisha | Torpedo Web India",Best Web Agency in Bhubaneswar,Plan Bhubaneswar Growth Build
Odisha,Bhubaneswar,Best web development company in Bhubaneswar,best-web-development-company,best-web-development-company-in-bhubaneswar-odisha,"Best Web Development Company in Bhubaneswar, Odisha | Torpedo Web India",Best Web Development Company in Bhubaneswar,Plan Bhubaneswar Growth Build
Odisha,Bhubaneswar,Best web developer in Bhubaneswar,best-web-developer,best-web-developer-in-bhubaneswar-odisha,"Best Web Developer in Bhubaneswar, Odisha | Torpedo Web India",Best Web Developers in Bhubaneswar,Plan Bhubaneswar Growth Build
Odisha,Bhubaneswar,Best web design company in Bhubaneswar,best-web-design-company,best-web-design-company-in-bhubaneswar-odisha,"Best Web Design Company in Bhubaneswar, Odisha | Torpedo Web India",Best Web Design Company in Bhubaneswar,Plan Bhubaneswar Growth Build
Odisha,Bhubaneswar,Best SEO company in Bhubaneswar,best-seo-company,best-seo-company-in-bhubaneswar-odisha,"Best SEO Company in Bhubaneswar, Odisha | Torpedo Web India",Best SEO Company in Bhubaneswar,Plan Bhubaneswar Growth Build
Odisha,Bhubaneswar,Best SEO agency in Bhubaneswar,best-seo-agency,best-seo-agency-in-bhubaneswar-odisha,"Best SEO Agency in Bhubaneswar, Odisha | Torpedo Web India",Best SEO Agency in Bhubaneswar,Plan Bhubaneswar Growth Build
Odisha,Bhubaneswar,Best digital marketing agency in Bhubaneswar,best-digital-marketing-agency,best-digital-marketing-agency-in-bhubaneswar-odisha,"Best Digital Marketing Agency in Bhubaneswar, Odisha | Torpedo Web India",Best Digital Marketing Agency in Bhubaneswar,Plan Bhubaneswar Growth Build
Odisha,Bhubaneswar,Best Google Ads agency in Bhubaneswar,best-google-ads-agency,best-google-ads-agency-in-bhubaneswar-odisha,"Best Google Ads Agency in Bhubaneswar, Odisha | Torpedo Web India",Best Google Ads Agency in Bhubaneswar,Plan Bhubaneswar Growth Build
Odisha,Bhubaneswar,Best Meta Ads agency in Bhubaneswar,best-meta-ads-agency,best-meta-ads-agency-in-bhubaneswar-odisha,"Best Meta Ads Agency in Bhubaneswar, Odisha | Torpedo Web India",Best Meta Ads Agency in Bhubaneswar,Plan Bhubaneswar Growth Build
Odisha,Bhubaneswar,Best UI UX agency in Bhubaneswar,best-ui-ux-agency,best-ui-ux-agency-in-bhubaneswar-odisha,"Best UI UX Agency in Bhubaneswar, Odisha | Torpedo Web India",Best UI UX Agency in Bhubaneswar,Plan Bhubaneswar Growth Build
Odisha,Bhubaneswar,Best software company in Bhubaneswar,best-software-company,best-software-company-in-bhubaneswar-odisha,"Best Software Company in Bhubaneswar, Odisha | Torpedo Web India",Best Software Company in Bhubaneswar,Plan Bhubaneswar Growth Build
Kerala,Kochi,Best web agency in Kochi,best-web-agency,best-web-agency-in-kochi-kerala,"Best Web Agency in Kochi, Kerala | Torpedo Web India",Best Web Agency in Kochi,Book Kochi SEO Strategy Call
Kerala,Kochi,Best web development company in Kochi,best-web-development-company,best-web-development-company-in-kochi-kerala,"Best Web Development Company in Kochi, Kerala | Torpedo Web India",Best Web Development Company in Kochi,Book Kochi SEO Strategy Call
Kerala,Kochi,Best web developer in Kochi,best-web-developer,best-web-developer-in-kochi-kerala,"Best Web Developer in Kochi, Kerala | Torpedo Web India",Best Web Developers in Kochi,Book Kochi SEO Strategy Call
Kerala,Kochi,Best web design company in Kochi,best-web-design-company,best-web-design-company-in-kochi-kerala,"Best Web Design Company in Kochi, Kerala | Torpedo Web India",Best Web Design Company in Kochi,Book Kochi SEO Strategy Call
Kerala,Kochi,Best SEO company in Kochi,best-seo-company,best-seo-company-in-kochi-kerala,"Best SEO Company in Kochi, Kerala | Torpedo Web India",Best SEO Company in Kochi,Book Kochi SEO Strategy Call
Kerala,Kochi,Best SEO agency in Kochi,best-seo-agency,best-seo-agency-in-kochi-kerala,"Best SEO Agency in Kochi, Kerala | Torpedo Web India",Best SEO Agency in Kochi,Book Kochi SEO Strategy Call
Kerala,Kochi,Best digital marketing agency in Kochi,best-digital-marketing-agency,best-digital-marketing-agency-in-kochi-kerala,"Best Digital Marketing Agency in Kochi, Kerala | Torpedo Web India",Best Digital Marketing Agency in Kochi,Book Kochi SEO Strategy Call
Kerala,Kochi,Best Google Ads agency in Kochi,best-google-ads-agency,best-google-ads-agency-in-kochi-kerala,"Best Google Ads Agency in Kochi, Kerala | Torpedo Web India",Best Google Ads Agency in Kochi,Book Kochi SEO Strategy Call
Kerala,Kochi,Best Meta Ads agency in Kochi,best-meta-ads-agency,best-meta-ads-agency-in-kochi-kerala,"Best Meta Ads Agency in Kochi, Kerala | Torpedo Web India",Best Meta Ads Agency in Kochi,Book Kochi SEO Strategy Call
Kerala,Kochi,Best UI UX agency in Kochi,best-ui-ux-agency,best-ui-ux-agency-in-kochi-kerala,"Best UI UX Agency in Kochi, Kerala | Torpedo Web India",Best UI UX Agency in Kochi,Book Kochi SEO Strategy Call
Kerala,Kochi,Best software company in Kochi,best-software-company,best-software-company-in-kochi-kerala,"Best Software Company in Kochi, Kerala | Torpedo Web India",Best Software Company in Kochi,Book Kochi SEO Strategy Call
Assam,Guwahati,Best web agency in Guwahati,best-web-agency,best-web-agency-in-guwahati-assam,"Best Web Agency in Guwahati, Assam | Torpedo Web India",Best Web Agency in Guwahati,Book Guwahati Growth Consultation
Assam,Guwahati,Best web development company in Guwahati,best-web-development-company,best-web-development-company-in-guwahati-assam,"Best Web Development Company in Guwahati, Assam | Torpedo Web India",Best Web Development Company in Guwahati,Book Guwahati Growth Consultation
Assam,Guwahati,Best web developer in Guwahati,best-web-developer,best-web-developer-in-guwahati-assam,"Best Web Developer in Guwahati, Assam | Torpedo Web India",Best Web Developers in Guwahati,Book Guwahati Growth Consultation
Assam,Guwahati,Best web design company in Guwahati,best-web-design-company,best-web-design-company-in-guwahati-assam,"Best Web Design Company in Guwahati, Assam | Torpedo Web India",Best Web Design Company in Guwahati,Book Guwahati Growth Consultation
Assam,Guwahati,Best SEO company in Guwahati,best-seo-company,best-seo-company-in-guwahati-assam,"Best SEO Company in Guwahati, Assam | Torpedo Web India",Best SEO Company in Guwahati,Book Guwahati Growth Consultation
Assam,Guwahati,Best SEO agency in Guwahati,best-seo-agency,best-seo-agency-in-guwahati-assam,"Best SEO Agency in Guwahati, Assam | Torpedo Web India",Best SEO Agency in Guwahati,Book Guwahati Growth Consultation
Assam,Guwahati,Best digital marketing agency in Guwahati,best-digital-marketing-agency,best-digital-marketing-agency-in-guwahati-assam,"Best Digital Marketing Agency in Guwahati, Assam | Torpedo Web India",Best Digital Marketing Agency in Guwahati,Book Guwahati Growth Consultation
Assam,Guwahati,Best Google Ads agency in Guwahati,best-google-ads-agency,best-google-ads-agency-in-guwahati-assam,"Best Google Ads Agency in Guwahati, Assam | Torpedo Web India",Best Google Ads Agency in Guwahati,Book Guwahati Growth Consultation
Assam,Guwahati,Best Meta Ads agency in Guwahati,best-meta-ads-agency,best-meta-ads-agency-in-guwahati-assam,"Best Meta Ads Agency in Guwahati, Assam | Torpedo Web India",Best Meta Ads Agency in Guwahati,Book Guwahati Growth Consultation
Assam,Guwahati,Best UI UX agency in Guwahati,best-ui-ux-agency,best-ui-ux-agency-in-guwahati-assam,"Best UI UX Agency in Guwahati, Assam | Torpedo Web India",Best UI UX Agency in Guwahati,Book Guwahati Growth Consultation
Assam,Guwahati,Best software company in Guwahati,best-software-company,best-software-company-in-guwahati-assam,"Best Software Company in Guwahati, Assam | Torpedo Web India",Best Software Company in Guwahati,Book Guwahati Growth Consultation
Jharkhand,Ranchi,Best web agency in Ranchi,best-web-agency,best-web-agency-in-ranchi-jharkhand,"Best Web Agency in Ranchi, Jharkhand | Torpedo Web India",Best Web Agency in Ranchi,Book Ranchi SEO Discovery
Jharkhand,Ranchi,Best web development company in Ranchi,best-web-development-company,best-web-development-company-in-ranchi-jharkhand,"Best Web Development Company in Ranchi, Jharkhand | Torpedo Web India",Best Web Development Company in Ranchi,Book Ranchi SEO Discovery
Jharkhand,Ranchi,Best web developer in Ranchi,best-web-developer,best-web-developer-in-ranchi-jharkhand,"Best Web Developer in Ranchi, Jharkhand | Torpedo Web India",Best Web Developers in Ranchi,Book Ranchi SEO Discovery
Jharkhand,Ranchi,Best web design company in Ranchi,best-web-design-company,best-web-design-company-in-ranchi-jharkhand,"Best Web Design Company in Ranchi, Jharkhand | Torpedo Web India",Best Web Design Company in Ranchi,Book Ranchi SEO Discovery
Jharkhand,Ranchi,Best SEO company in Ranchi,best-seo-company,best-seo-company-in-ranchi-jharkhand,"Best SEO Company in Ranchi, Jharkhand | Torpedo Web India",Best SEO Company in Ranchi,Book Ranchi SEO Discovery
Jharkhand,Ranchi,Best SEO agency in Ranchi,best-seo-agency,best-seo-agency-in-ranchi-jharkhand,"Best SEO Agency in Ranchi, Jharkhand | Torpedo Web India",Best SEO Agency in Ranchi,Book Ranchi SEO Discovery
Jharkhand,Ranchi,Best digital marketing agency in Ranchi,best-digital-marketing-agency,best-digital-marketing-agency-in-ranchi-jharkhand,"Best Digital Marketing Agency in Ranchi, Jharkhand | Torpedo Web India",Best Digital Marketing Agency in Ranchi,Book Ranchi SEO Discovery
Jharkhand,Ranchi,Best Google Ads agency in Ranchi,best-google-ads-agency,best-google-ads-agency-in-ranchi-jharkhand,"Best Google Ads Agency in Ranchi, Jharkhand | Torpedo Web India",Best Google Ads Agency in Ranchi,Book Ranchi SEO Discovery
Jharkhand,Ranchi,Best Meta Ads agency in Ranchi,best-meta-ads-agency,best-meta-ads-agency-in-ranchi-jharkhand,"Best Meta Ads Agency in Ranchi, Jharkhand | Torpedo Web India",Best Meta Ads Agency in Ranchi,Book Ranchi SEO Discovery
Jharkhand,Ranchi,Best UI UX agency in Ranchi,best-ui-ux-agency,best-ui-ux-agency-in-ranchi-jharkhand,"Best UI UX Agency in Ranchi, Jharkhand | Torpedo Web India",Best UI UX Agency in Ranchi,Book Ranchi SEO Discovery
Jharkhand,Ranchi,Best software company in Ranchi,best-software-company,best-software-company-in-ranchi-jharkhand,"Best Software Company in Ranchi, Jharkhand | Torpedo Web India",Best Software Company in Ranchi,Book Ranchi SEO Discovery
